{"logistic_regression": {}, "k_nearest_neighbors": {"k": 7, "power_parameter": 1, "weights": "distance"}, "decision_tree": {"max_depth": 38, "min_samples_split": 0.024234698649285694, "min_samples_leaf": 0.002924457048556806, "criterion": "gini", "splitter": "best"}, "random_forest": {"n_estimators": 68, "max_depth": 34, "min_samples_split": 0.002385528449907557, "min_samples_leaf": 0.018492690434583958, "criterion": "log_loss"}, "light_gradient_boosting_machine": {"num_iterations": 162, "max_depth": 29, "bagging_freq": 0, "learning_rate": 0.5357381925632635, "bagging_fraction": 0.08022957294768285, "feature_fraction": 0.9062953723943191, "lambda_l1": 0.2814372855794346, "lambda_l2": 1.2551763717571547, "min_split_gain": 0.002365943976791877}, "stochastic_gradient_descent": {"max_iter": 129, "alpha": 0.012058940515043644, "penalty": "l2"}, "extreme_gradient_boost": {"max_depth": 10, "max_delta_step": 2, "learning_rate": 0.3258569121692933, "min_split_loss": 0.05101115005843467, "subsample": 0.9236514735063241, "reg_lambda": 2.920733107758162, "reg_alpha": 0.055886762551502545, "tree_method": "approx"}}